국가,국가코드,확진자,치료중,위중증,사망자,완치,치명(%),완치(%),발생률,인구수,Countries and regions,Doses administered,Enough for % of people,given 1+ dose,fully vaccinated,Daily rate of doses administered
미국,🇺🇸,43728094,9857997,22378,706073,33164024,1.6,75.8,132177,331002651,U.S.,389372689,60.8,64.2,55.2,693164
인도,🇮🇳,33673010,308341,8944,447169,32917500,1.3,97.8,24405,1380004385,India,855844677,31.3,45.9,16.1,7388179
브라질,🇧🇷,21343304,415150,8318,594246,20333908,2.8,95.3,100452,212559417,Brazil,230477848,55.8,70.7,40.6,1411550
영국,🇬🇧,7631233,1335993,916,136105,6159135,1.8,80.7,112899,67886011,U.K.,93421423,69.9,72.9,66.9,73687
러시아,🇷🇺,7420913,612409,2300,203900,6604604,2.7,89,51003,145934462,Russia,89301130,30.4,32.3,28.3,223501
터키,🇹🇷,7013639,478301,633,62938,6472400,0.9,92.3,83467,84339067,Turkey,107674356,64.7,64.2,52.3,389794
프랑스,🇫🇷,6989613,153161,1609,116449,6720003,1.7,96.1,107154,65273511,France,93817818,72.4,77.2,74,208586
이란,🇮🇷,5533520,470073,6320,119360,4944087,2.2,89.3,66053,83992949,Iran,43372270,26,35.5,16.8,1422950
아르헨티나,🇦🇷,5249840,25138,1248,114849,5109853,2.2,97.3,116170,45195774,Argentina,50634528,56.3,65.4,47.3,257760
콜롬비아,🇨🇴,4950253,34023,542,126102,4790128,2.5,96.8,97315,50882891,Colombia,39270198,39,50.7,32.5,156924
스페인,🇪🇸,4946601,152205,837,86229,4708167,1.7,95.2,105799,46754778,Spain,69740837,75,80.8,78.2,95055
이탈리아,🇮🇹,4657215,102574,481,130653,4423988,2.8,95,77079,60461826,Italy,83824777,69.4,74.1,74.2,226592
인도네시아,🇮🇩,4208013,42769,,141467,4023777,3.4,95.6,15390,273523615,Indonesia,134509650,25.2,31.9,17.9,1695078
독일,🇩🇪,4202185,150218,1435,93967,3958000,2.2,94.2,50204,83783942,Germany,106863393,64.3,67.7,63.9,208001
멕시코,🇲🇽,3628812,375213,4798,275299,2978300,7.6,82.1,28176,128932753,Mexico,98282544,38.5,49.5,34.3,489211
폴란드,🇵🇱,2903234,166313,148,75572,2661349,2.6,91.7,76722,37846611,Poland,37144805,48.9,52,51,31818
남아프리카 공화국,🇿🇦,2895976,50701,546,87001,2758274,3,95.2,48845,59308690,South Africa,16814890,16.1,20.6,14.2,120655
필리핀,🇵🇭,2490858,161447,3170,37405,2292006,1.5,92,22731,109581078,Philippines,43088582,20.1,23.5,18.3,385793
우크라이나,🇺🇦,2392397,92579,177,55626,2244192,2.3,93.8,54772,43733762,Ukraine,17557067,21,29.1,13,154399
말레이시아,🇲🇾,2185131,191434,1070,25159,1968538,1.2,90.1,67918,32365999,Malaysia,42106397,64.6,69.4,59.4,278632
페루,🇵🇪,2172261,,1043,199228,,9.2,,65906,32971854,Peru,25064193,37.8,45.5,29.7,272194
네덜란드,🇳🇱,1996498,,181,18150,,0.9,,116517,17134872,Netherlands,23440062,68,70.3,63.6,18230
이라크,🇮🇶,1993767,75586,548,22110,1896071,1.1,95.1,49568,40222493,Iraq,7448300,9.5,11.7,7.3,110874
체코,🇨🇿,1689364,6084,30,30453,1652827,1.8,97.8,157776,10708981,Czech Republic,11773801,55.3,57,55.7,9272
칠레,🇨🇱,1651750,7349,391,37440,1606961,2.3,97.3,86406,19116201,Chile,31345528,82,78,73.7,80884
캐나다,🇨🇦,1600901,45688,638,27640,1527573,1.7,95.4,42456,37742154,Canada,55744324,74.3,76.2,70.6,105789
태국,🇹🇭,1561638,122463,3324,16268,1422907,1,91.1,22520,69799978,Thailand,46023016,33.1,42.4,22.8,484301
방글라데시,🇧🇩,1551351,12458,1413,27414,1511479,1.8,97.4,9420,164689383,Bangladesh,39638948,11.9,14.3,9.5,477257
이스라엘,🇮🇱,1263896,63190,711,7649,1193057,0.6,94.4,146402,8655535,Israel,14884415,82.2,67.2,62,30415
파키스탄,🇵🇰,1238668,50690,4199,27566,1160412,2.2,93.7,5616,220892340,Pakistan,76141484,18.6,27.5,12.5,637049
벨기에,🇧🇪,1233723,63499,216,25554,1144670,2.1,92.8,106451,11589623,Belgium,16572780,72.3,74.7,72.9,20614
루마니아,🇷🇴,1194106,59611,1220,36341,1098154,3,92,62365,19237691,Romania,10043006,25.9,27.9,27.3,15290
스웨덴,🇸🇪,1149407,,42,14781,,1.3,,113811,10099265,Sweden,13607052,65.9,69,62.8,31341
포르투갈,🇵🇹,1066346,31481,83,17952,1016913,1.7,95.4,104636,10196709,Portugal,15904393,77.4,86.8,83.7,42119
모로코,🇲🇦,928571,17187,613,14132,897252,1.5,96.6,25177,36910560,Morocco,39523919,55.5,60.6,50.4,344587
세르비아,🇷🇸,911066,122128,217,8051,780887,0.9,85.7,104272,8737371,Serbia,6392974,45.9,43.4,41.4,19421
카자흐스탄,🇰🇿,877112,55396,221,11035,810681,1.3,92.4,46813,18776707,Kazakhstan,13853000,37.2,40,34,60727
쿠바,🇨🇺,854167,34229,386,7227,812711,0.8,95.1,75412,11326616,Cuba,19751634,87.1,77.8,42.3,321878
스위스,🇨🇭,833383,68138,209,11053,754192,1.3,90.5,96651,8654622,Switzerland,10266591,60.1,63.7,54.9,31821
헝가리,🇭🇺,820078,8133,54,30151,781794,3.7,95.3,85014,9660351,Hungary,11167215,57.1,60.1,57.5,5617
요르단,🇯🇴,818796,12295,484,10669,795832,1.3,97.2,80346,10203134,Jordan,6903943,34.3,36.4,32,16797
네팔,🇳🇵,791392,19142,,11096,761154,1.4,96.2,27195,29136808,Nepal,12543333,22,22.4,20.9,111788
베트남,🇻🇳,756689,210179,,18584,527926,2.5,69.8,7774,97338579,Vietnam,36793910,19.1,30.6,7.5,632430
오스트리아,🇦🇹,735890,21239,229,10969,703682,1.5,95.6,81853,9006398,Austria,10781434,60.9,64.3,60.8,10633
아랍에미레이트,🇦🇪,734894,5638,,2090,727166,0.3,98.9,74333,9890402,UAE,19847232,92.3,85.6,75.7,62082
튀니지,🇹🇳,704914,7422,332,24732,672760,3.5,95.4,59677,11818619,Tunisia,7384667,31.3,40.4,28.8,47013
그리스,🇬🇷,644869,27417,333,14655,602797,2.3,93.5,61975,10423054,Greece,12041227,56.1,59.8,56.2,23117
레바논,🇱🇧,621735,24881,200,8277,588577,1.3,94.7,91164,6825445,Lebanon,2929966,21.4,23.5,19.3,28922
조지아,🇬🇪,606492,21177,,8817,576498,1.5,95.1,152201,3989167,Georgia,1715073,23,25.9,20.2,14862
과테말라,🇬🇹,548604,32907,5,13331,502366,2.4,91.6,30675,17915568,Guatemala,6511719,18.5,24.4,12.5,63061
사우디아라비아,🇸🇦,546926,2277,244,8699,535950,1.6,98,15710,34813871,Saudi Arabia,41488511,60.9,68.1,53.5,112640
벨라루스,🇧🇾,530203,12816,,4092,513295,0.8,96.8,56316,9449323,Belarus,3389520,17.9,19.8,16,26145
코스타리카,🇨🇷,521182,94789,459,6189,420204,1.2,80.6,102311,5094118,Costa Rica,5278407,52,64.5,39.5,58046
스리랑카,🇱🇰,512531,46233,,12609,453689,2.5,88.5,23986,21413249,Sri Lanka,25813491,59.2,65.1,52.3,160630
에콰도르,🇪🇨,507858,31258,759,32720,443880,6.4,87.4,28785,17643054,Ecuador,20571335,59.6,64.2,57,16381
볼리비아,🇧🇴,498790,23179,220,18698,456913,3.7,91.6,42739,11673021,Bolivia,6636967,28.7,36.4,26.7,36330
불가리아,🇧🇬,492365,42409,418,20449,429507,4.2,87.2,70931,6948445,Bulgaria,2507048,18,17.3,18.8,6440
아제르바이잔,🇦🇿,480843,22659,,6457,451727,1.3,93.9,47424,10139177,Azerbaijan,8227729,41.2,46.9,35.5,52103
파나마,🇵🇦,465993,3673,61,7201,455119,1.5,97.7,108042,4314767,Panama,5252959,62.3,69.1,55.6,171433
파라과이,🇵🇾,459804,1030,23,16142,442632,3.5,96.3,64469,7132538,Paraguay,4477723,31.3,36.6,26,9563
미얀마,🇲🇲,456620,29122,,17465,410033,3.8,89.8,8420,54409800,Myanmar,9001616,8.5,10.5,6.6,163440
쿠웨이트,🇰🇼,411447,664,13,2445,408338,0.6,99.2,96353,4270571,Kuwait,2380000,25.1,56.2,19.4,12990
슬로바키아,🇸🇰,408488,9798,100,12596,386094,3.1,94.5,74842,5459642,Slovakia,4751520,43.6,44.6,41.1,5921
크로아티아,🇭🇷,399891,8184,99,8595,383112,2.1,95.8,97462,4105267,Croatia,3404014,41.8,44.3,41.6,6200
우루과이,🇺🇾,388424,1441,14,6052,380931,1.6,98.1,111840,3473730,Uruguay,6161536,87.5,77.5,72.8,20562
아일랜드,🇮🇪,383218,42185,65,5209,335824,1.4,87.6,77905,4937786,Ireland,7177111,72.5,76,73.8,10160
온두라스,🇭🇳,363017,244399,451,9679,108939,2.7,30,36651,9904607,Honduras,5196072,26.6,32.8,20.4,46577
베네수엘라,🇻🇪,362040,12168,681,4395,345477,1.2,95.4,12776,28435940,Venezuela,14050000,25.3,31.6,18.9,246316
덴마크,🇩🇰,357037,4695,17,2642,349700,0.7,97.9,61698,5792202,Denmark,8804855,75.8,76.6,75,5116
도미니카 공화국,🇩🇴,356934,4842,174,4035,348057,1.1,97.5,32923,10847910,Dominican Republic,11782825,56.9,58.2,54.3,23177
에티오피아,🇪🇹,340845,27620,793,5369,307856,1.6,90.3,2972,114963588,Ethiopia,3493470,1.8,2.8,0.8,65503
리비아,🇱🇾,336980,77479,,4606,254895,1.4,75.6,49174,6871292,Libya,1501622,11.4,20.3,2.5,13928
리투아니아,🇱🇹,325606,21640,202,4913,299053,1.5,91.8,119992,2722289,Lithuania,3339375,60,61.8,58.2,15535
오만,🇴🇲,303639,3017,24,4095,296527,1.3,97.7,59466,5106626,Oman,4636486,55.3,67,43.5,74904
대한민국,🇰🇷,301170,30580,320,2450,268140,0.8,89,5921,51269185,South Korea,60747624,58.7,73,44.5,308173
이집트,🇪🇬,300945,29736,90,17149,254060,5.7,84.4,2947,102334404,Egypt,13808798,7,8.8,5.1,256045
몽골,🇲🇳,294775,8857,192,1206,284712,0.4,96.6,90525,3278290,Mongolia,4545348,68.9,68.2,64.5,16573
슬로베니아,🇸🇮,289669,13490,71,4537,271642,1.6,93.8,139473,2078938,Slovenia,2102314,51.9,53.9,47.8,7861
몰도바,🇲🇩,288377,9021,169,6679,272677,2.3,94.6,71648,4033963,Moldova,1381402,25.8,22.8,28.7,3870
바레인,🇧🇭,274745,730,3,1389,272626,0.5,99.2,161506,1701575,Bahrain,2549298,85.9,78.4,74.8,2029
아르메니아,🇦🇲,258545,13554,,5251,239740,2,92.7,87407,2963243,Armenia,366779,6.2,8,4.4,4437
케냐,🇰🇪,248392,3566,92,5096,239730,2.1,96.5,4621,53771296,Kenya,3600187,3.8,5.6,1.9,37468
카타르,🇶🇦,236298,1434,18,605,234259,0.3,99.1,82049,2881053,Qatar,4690049,83.9,84.4,79.4,5290
보스니아 헤르체고비나,🇧🇦,230801,28161,,10422,192218,4.5,83.3,70349,3280819,Bosnia and Herzegovina,1060145,16.1,19.2,12.9,7334
잠비아,🇿🇲,208857,466,28,3646,204745,1.7,98,11361,18383955,Zambia,697261,1.9,1.8,1.6,16351
나이지리아,🇳🇬,204201,9107,11,2673,192421,1.3,94.2,992,206139589,Nigeria,6255025,1.6,2.2,0.9,47510
알제리,🇩🇿,202574,58070,13,5767,138737,2.8,68.5,4623,43851044,Algeria,9989662,11.5,13.4,9.6,284237
북마케도니아,🇲🇰,189551,12240,,6577,170734,3.5,90.1,91144,2083374,North Macedonia,1482287,35.6,37.4,33.9,7065
노르웨이,🇳🇴,186554,96752,19,850,88952,0.5,47.7,34482,5421241,Norway,7728245,72.1,77,67.3,23747
키르기스스탄,🇰🇬,178258,2810,131,2600,172848,1.5,97,27332,6524195,Kyrgyzstan,1398986,10.9,12.6,9.3,10258
보츠와나,🇧🇼,176427,2016,1,2360,172051,1.3,97.5,75023,2351627,Botswana,606699,12.8,17.2,9.5,2729
우즈베키스탄,🇺🇿,172090,4087,23,1222,166781,0.7,96.9,5154,33469203,Uzbekistan,18526941,27.9,29.4,11.1,155946
알바니아,🇦🇱,167354,11945,3,2629,152780,1.6,91.3,58341,2877797,Albania,1683644,29.3,32.4,26.3,7797
아프가니스탄,🇦🇫,155132,24295,1124,7198,123639,4.6,79.7,3985,38928346,Afghanistan,3133227,4.2,2.6,1.2,552467
라트비아,🇱🇻,154786,7909,54,2684,144193,1.7,93.2,82216,1886198,Latvia,1596487,41.6,46.6,42.5,2729
에스토니아,🇪🇪,153536,9811,20,1344,142381,0.9,92.7,116036,1326535,Estonia,1354438,51.1,56.8,45.1,3470
모잠비크,🇲🇿,150494,2093,32,1909,146492,1.3,97.3,4816,31255435,Mozambique,3644423,5.8,6.1,5.6,54234
핀란드,🇫🇮,139405,92343,21,1062,46000,0.8,33,25209,5540720,Finland,7490200,67.9,74.7,61.1,18753
짐바브웨,🇿🇼,129505,2774,12,4603,122128,3.6,94.3,8721,14862924,Zimbabwe,5197363,17.4,20.3,14.6,30878
몬테네그로,🇲🇪,129285,7803,11,1892,119590,1.5,92.5,206424,628066,Montenegro,446806,35.9,38,33.5,1934
나미비아,🇳🇦,127227,1045,16,3492,122690,2.7,96.4,50085,2540905,Namibia,407502,8.3,10.1,6.5,4761
가나,🇬🇭,126621,3597,42,1146,121878,0.9,96.3,4075,31072940,Ghana,1643172,2.7,2.9,2.5,6287
우간다,🇺🇬,123181,24009,350,3145,96027,2.6,78,2694,45741007,Uganda,2058553,2.6,4.1,1,79469
키프로스,🇨🇾,117967,26660,39,552,90755,0.5,76.9,97771,1207359,Cyprus,1146345,65.4,67.7,62.5,2360
캄보디아,🇰🇭,109087,6189,,2243,100655,2.1,92.3,6575,16718965,Cambodia,23538405,71.4,78.5,65.3,249400
코소보,🇽🇰,107507,-85,,2269,105323,2.1,98,59381,1810463,Kosovo,1241949,34.5,42.1,26.9,16129
엘살바도르,🇸🇻,102024,13858,127,3185,84981,3.1,83.3,15729,6486205,El Salvador,7297994,56.5,62.1,51,38185
호주,🇦🇺,97550,21538,301,1231,74781,1.3,76.7,3884,25499884,Australia,26441588,51.8,61.8,40.6,292736
르완다,🇷🇼,96727,50020,11,1248,45459,1.3,47,7477,12952218,Rwanda,3409470,13.7,15.9,11.6,45063
중국,🇨🇳,96015,1013,,4636,90366,4.8,94.1,67,1439323776,Mainland China,2194467000,78.4,78.6,73,3492857
싱가포르,🇸🇬,85953,11742,23,76,74135,0.1,86.3,15023,5850342,Singapore,9223226,80.8,81.9,80,18356
카메룬,🇨🇲,85414,3613,152,1368,80433,1.6,94.2,3218,26545863,Cameroon,459397,0.9,1.5,0.3,2000
몰디브,🇲🇻,84290,1627,23,231,82432,0.3,97.8,156069,540544,Maldives,724971,97.4,105.2,89.7,902
자메이카,🇯🇲,82349,28654,31,1824,51871,2.2,63,27955,2961167,Jamaica,715860,13.1,19,8.1,1624
룩셈부르크,🇱🇺,77762,1162,8,835,75765,1.1,97.4,124225,625978,Luxembourg,781851,63.7,67.5,65.1,355
세네갈,🇸🇳,73742,405,8,1855,71482,2.5,96.9,4404,16743927,Senegal,1784832,5.5,7.6,3.5,2395
말라위,🇲🇼,61497,4748,67,2275,54474,3.7,88.6,3215,19129952,Malawi,1061153,2.6,3.8,2.4,9131
코트디부아르,🇨🇮,59778,1903,,593,57282,1,95.8,2270,26378274,Ivory Coast,1903064,3.6,5.4,1.3,26199
콩고민주공화국,🇨🇩,56617,24676,,1083,30858,1.9,54.5,632,89561403,DR Congo,134860,0.1,0.1,0.1,1468
앙골라,🇦🇴,54795,6114,8,1487,47194,2.7,86.1,1677,32866272,Angola,2820134,4.7,6.1,3.3,50114
피지,🇫🇯,50755,13458,39,590,36707,1.2,72.3,56618,896445,Fiji,975268,54.5,65.7,43.3,9017
트리니다드 토바고,🇹🇹,49822,4305,22,1451,44066,2.9,88.4,35691,1399488,Trinidad and Tobago,1041836,37.3,40.6,34.1,3478
에스와티니,🇸🇿,45742,726,10,1212,43804,2.6,95.8,39451,1160164,Eswatini,239551,10.7,18.5,17.9,2866
마다가스카르,🇲🇬,42898,618,3,958,41322,2.2,96.3,1549,27691018,Madagascar,381633,0.7,0.7,0.7,7039
수리남,🇸🇷,39908,12199,19,845,26864,2.1,67.3,68029,586632,Suriname,390681,32.7,37.5,27.9,2011
수단,🇸🇩,38201,3269,,2894,32038,7.6,83.9,871,43849260,Sudan,1499982,1.7,1.5,1.3,19164
카보베르데,🇨🇻,37400,690,23,334,36376,0.9,97.3,67354,555987,Cape Verde,402075,36.6,51.3,21.8,4586
몰타 공화국,🇲🇹,37090,817,4,457,35816,1.2,96.6,84030,441543,Malta,816136,82.6,85,85,708
모리타니,🇲🇷,35819,841,22,768,34210,2.1,95.5,7712,4649658,Mauritania,876371,10.8,7.8,0.5,2775
가이아나,🇬🇾,30907,3907,33,754,26246,2.4,84.9,39601,786552,Guyana,533843,34,44.8,23.2,2597
기니,🇬🇳,30348,1268,24,377,28703,1.2,94.6,2312,13132795,Guinea,1554669,5.7,7.8,3.6,30891
가봉,🇬🇦,29126,2407,23,178,26541,0.6,91.1,13086,2225734,Gabon,177392,4.3,4.9,3.7,1949
토고,🇹🇬,25163,2914,,222,22027,0.9,87.5,3046,8278724,Togo,832822,5.2,5.5,4.8,12920
베냉,🇧🇯,22958,5510,5,154,17294,0.7,75.3,1894,12123200,Benin,214396,0.9,1.3,0.2,5496
라오스,🇱🇦,21819,16235,,16,5568,0.1,25.5,3084,7275560,Laos,4402770,30.7,39.1,26.7,9906
세이셸,🇸🇨,21257,485,,115,20657,0.5,97.2,216143,98347,Seychelles,148402,77.3,80.5,74.1,154
바하마,🇧🇸,20603,1816,15,522,18265,2.5,88.7,52392,393244,Bahamas,184461,24.2,30,18.4,812
소말리아,🇸🇴,19723,9206,,1103,9414,5.6,47.7,1241,15893222,Somalia,430762,1.4,1.7,1.2,12445
벨리즈,🇧🇿,19600,1951,10,402,17247,2.1,88,49292,397628,Belize,298343,36.6,45.9,27.2,2839
동티모르,🇹🇱,19382,994,,113,18275,0.6,94.3,14713,1318445,Timor-Leste,675891,26.1,32.8,19.4,4368
파푸아뉴기니,🇵🇬,19278,799,7,225,18254,1.2,94.7,2182,8947024,Papua New Guinea,164776,1,1.4,0.5,2517
타지키스탄,🇹🇯,17084,0,,124,16960,0.7,99.3,1791,9537645,Tajikistan,3872421,20.8,24.8,16.8,70941
대만,🇹🇼,16189,1606,,841,13742,5.2,84.9,680,23816775,Taiwan,14142461,30,51.2,8.8,138660
아루바,🇦🇼,15405,270,7,165,14970,1.1,97.2,144391,106766,Aruba,155501,69.4,72.4,66.5,141
안도라,🇦🇩,15167,71,4,130,14966,0.9,98.7,196298,77265,Andorra,93430,60.7,67,54.3,98
모리셔스,🇲🇺,15161,13236,,71,1854,0.5,12.2,11921,1271768,Mauritius,1633952,64.5,66.8,62.2,1155
말리,🇲🇱,15153,346,,547,14260,3.6,94.1,749,20250833,Mali,397853,1,1.6,0.5,1476
레소토,🇱🇸,14395,7162,,403,6830,2.8,47.4,6720,2142249,Lesotho,332954,8.1,12.2,11.7,6246
부르키나파소,🇧🇫,14172,180,,180,13812,1.3,97.5,678,20903273,Burkina Faso,254545,0.6,1.2,0.8,8839
콩고공화국,🇨🇬,14113,1501,,191,12421,1.4,88,2558,5518087,Republic of the Congo,329905,3.6,4.7,2.5,1525
니카라과,🇳🇮,13730,9302,,203,4225,1.5,30.8,2073,6624554,Nicaragua,769105,5.9,7.5,4.3,6771
지부티,🇩🇯,12253,253,,162,11838,1.3,96.6,12402,988000,Djibouti,67229,3.1,3.8,2.4,174
홍콩,🇭🇰,12193,89,,213,11891,1.7,97.5,1627,7496981,Hong Kong,8550389,56.8,59.2,54.5,27695
남수단,🇸🇸,11926,423,4,128,11375,1.1,95.4,1067,11193725,South Sudan,100621,0.4,0.5,0.2,2272
적도 기니,🇬🇶,11806,1439,1,142,10225,1.2,86.6,8415,1402985,Equatorial Guinea,387510,14.2,16.4,12.1,2190
아이슬란드,🇮🇸,11632,348,3,33,11251,0.3,96.7,34087,341243,Iceland,551110,77.2,78.8,77.2,750
중앙아프리카 공화국,🇨🇫,11371,4412,2,100,6859,0.9,60.3,2354,4829767,Central African Republic,185678,2,3,0.2,7109
세인트루시아,🇱🇨,11144,2157,15,185,8802,1.7,79,60688,183627,St. Lucia,74999,20.8,24.7,16.9,437
감비아,🇬🇲,9911,28,3,335,9548,3.4,96.3,4109,2416668,Gambia,201835,4.3,8.4,7.1,4278
예멘,🇾🇪,8891,1709,23,1682,5500,18.9,61.9,300,29825964,Yemen,322934,0.5,1,0.1,244
바베이도스,🇧🇧,7401,974,,64,6363,0.9,86,26363,287375,Barbados,230848,40.2,45.3,35.1,1288
맨섬,🇮🇲,7364,523,1,51,6790,0.7,92.2,87343,85033,Isle of Man,129989,76.5,77,75.1,153
브루나이,🇧🇳,6540,2177,34,37,4326,0.6,66.1,15315,437479,Brunei,432882,47.1,57.2,36.9,6583
시에라리온,🇸🇱,6393,1892,,121,4380,1.9,68.5,801,7976983,Sierra Leone,221110,1.4,2.3,0.5,2296
기니비사우,🇬🇼,6099,681,4,135,5283,2.2,86.6,3099,1968001,Guinea-Bissau,94715,2.7,4.9,0.4,3252
니제르,🇳🇪,5974,50,,201,5723,3.4,95.8,247,24206644,Niger,621853,1.3,1.7,0.4,9294
라이베리아,🇱🇷,5782,41,2,283,5458,4.9,94.4,1143,5057681,Liberia,248645,2.7,2.3,0.6,8818
지브롤터,🇬🇮,5514,65,2,97,5352,1.8,97.1,163753,33691,Gibraltar,79335,116.7,117.3,116.1,14
산마리노,🇸🇲,5419,60,2,90,5269,1.7,97.2,159706,33931,San Marino,47084,69.2,71.8,71.8,16
차드,🇹🇩,5031,7,,174,4850,3.5,96.4,306,16425864,Chad,123052,0.4,0.6,0.2,4586
버뮤다,🇧🇲,4982,1612,1,52,3318,1,66.6,79996,62278,Bermuda,86676,68.8,69.6,68,60
그레나다,🇬🇩,4829,2034,,116,2679,2.4,55.5,43742,112523,Grenada,51610,23.7,28.2,19.1,496
신트마르턴,🇸🇽,4213,166,10,63,3984,1.5,94.6,98260,42876,Sint Maarten,49159,58.5,61.1,55.9,40
뉴질랜드,🇳🇿,4183,225,5,27,3931,0.6,94,870,4822233,New Zealand,4917531,49.9,64.8,35,53804
코모로,🇰🇲,4112,12,,147,3953,3.6,96.1,4729,869601,Comoros,336863,19.3,20,18.5,249
상투메 프린시페,🇸🇹,3338,614,,49,2675,1.5,80.1,15258,219159,Sao Tome and Principe,73223,17.2,25.8,8.5,2171
모나코,🇲🇨,3303,29,6,33,3241,1,98.1,84170,39242,Monaco,49980,64.1,68.4,59.8,120
세인트빈센트 그레나딘,🇻🇨,3247,860,2,17,2370,0.5,73,30088,110940,St. Vincent and the Grenadines,33077,15,18.2,11.9,104
도미니카 연방,🇩🇲,3197,545,,13,2639,0.4,82.5,45745,71986,Dominica,44624,31.4,33.3,29.6,82
앤티가 바부다,🇦🇬,2923,977,9,64,1882,2.2,64.4,29848,97929,Antigua and Barbuda,81915,42.2,46.5,38,572
터크스 케이커스 제도,🇹🇨,2830,60,1,22,2748,0.8,97.1,73198,38717,Turks & Caicos,52374,68.9,72.2,65.6,77
부탄,🇧🇹,2599,3,,3,2593,0.1,99.8,3368,771608,Bhutan,1068414,71.7,77.1,66.3,3185
세인트키츠 네비스,🇰🇳,1835,855,1,10,970,0.5,52.9,34493,53199,Saint Kitts and Nevis,47098,41.3,44.2,38.5,31
페로 제도,🇫🇴,1122,72,1,2,1048,0.2,93.4,23064,48863,Faroe Islands,73872,75.4,77.3,73.4,122
케이맨 제도,🇰🇾,795,46,,2,747,0.3,94,12096,65722,Cayman Islands,109789,84.5,84.4,84.4,715
그린란드,🇬🇱,553,155,2,0,398,-,72,9952,56770,Greenland,102357,89.8,124.5,64.3,300
앵귈라,🇦🇮,364,18,,1,345,0.3,94.8,24262,15003,Anguilla,18584,61.9,63.3,60.6,2
포클랜드 제도,🇫🇰,67,4,,0,63,-,94,19253,3480,Falkland Islands,4407,73.5,87.7,59.2,202
마카오,🇲🇴,66,3,,0,63,-,95.5,103,649335,Macau,649564,47.8,51.2,44.6,4123
몬트세랫,🇲🇸,33,2,,1,30,3,90.9,6611,4992,Montserrat,2856,28.6,29.4,27.7,2
솔로몬 제도,🇸🇧,20,0,,0,20,-,100,29,686884,Solomon Islands,97744,7.6,11.6,3.6,2902
사모아,🇼🇸,3,0,,0,3,-,100,15,198414,Samoa,149431,37.2,49.3,25,981
세인트헬레나,🇸🇭,2,0,,0,2,-,100,329,6077,St. Helena,7892,65.8,72.7,58.9,8
미크로네시아,🇫🇲,1,0,,0,1,-,100,9,115023,Micronesia,71686,34.5,41.6,,294
